_id,date,areas,square,methods,price,direction,type,houseAreas
http://cc.58.com/zufang/34009015301200x.shtml,1.53E+12,0,190,1,20000,0,4室2厅2卫,中信城(别墅)
http://cc.58.com/zufang/33977466998861x.shtml,1.53E+12,0,190,1,20000,0,4室2厅2卫,中信城(别墅)
http://cc.58.com/zufang/32214749419981x.shtml,1.53E+12,5,400,1,15000,0,4室3厅3卫,融创上城
http://cc.58.com/zufang/34129082983861x.shtml,1.53E+12,0,500,1,15000,0,5室3厅2卫,中海莱茵东郡
http://cc.58.com/zufang/33587200250158x.shtml,1.53E+12,5,500,1,15000,0,5室3厅4卫,融创上城(别墅)
http://cc.58.com/zufang/34105507085903x.shtml,1.53E+12,1,320,1,15000,1,1室1厅1卫,长江花园
http://cc.58.com/zufang/31241630941227x.shtml,1.53E+12,0,143,1,12000,0,3室2厅2卫,融创上城
http://cc.58.com/zufang/34126478571210x.shtml,1.53E+12,0,200,1,10000,0,4室3厅2卫,中海莱茵东郡(别墅)
http://cc.58.com/zufang/33629519576142x.shtml,1.53E+12,0,207,1,9000,0,4室3厅4卫,中海莱茵东郡
http://cc.58.com/zufang/33483990200491x.shtml,1.53E+12,0,130,1,8500,0,3室2厅2卫,伟峰东第
http://cc.58.com/zufang/33940911153194x.shtml,1.53E+12,5,150,1,7000,0,3室2厅2卫,融创上城
http://cc.58.com/zufang/33473256377908x.shtml,1.53E+12,2,178,1,6000,0,4室2厅2卫,鸿城国际花园
http://cc.58.com/zufang/30931070054203x.shtml,1.53E+12,5,190,1,6000,0,3室2厅2卫,亚泰豪苑C栋
http://cc.58.com/zufang/33883954006593x.shtml,1.53E+12,1,150,1,6000,0,5室1厅2卫,通安新居A区
http://cc.58.com/zufang/33572819784769x.shtml,1.53E+12,2,165,1,6000,0,3室2厅2卫,万科惠斯勒小镇
http://cc.58.com/zufang/33397138420812x.shtml,1.53E+12,0,64,1,5500,0,1室1厅1卫,保利中央公园
http://cc.58.com/zufang/33617989232587x.shtml,1.53E+12,2,105,1,5500,0,2室2厅1卫,虹馆
http://cc.58.com/zufang/34049508541631x.shtml,1.53E+12,1,160,1,5300,0,3室2厅1卫,昊源高格蓝湾
http://cc.58.com/zufang/33863851204151x.shtml,1.53E+12,2,170,1,5100,0,4室2厅2卫,亚泰鼎盛国际
http://cc.58.com/zufang/33808221700552x.shtml,1.53E+12,0,155,1,5000,0,3室2厅2卫,中海水岸馨都
http://cc.58.com/zufang/32765597012686x.shtml,1.53E+12,5,128,1,5000,0,4室2厅1卫,长影世纪村
http://short.58.com/zd_p/56e9a5c9-6f7e-4692-a339-5adaf11d543a/?target=xx-16-xgk_hvimob_88679854117936q-feykn&end=end,1.53E+12,0,145,1,4500,0,3室2厅2卫,富奥临河湾
http://cc.58.com/zufang/33312704742846x.shtml,1.53E+12,2,92,1,4200,0,3室2厅1卫,御翠豪庭尚府一期
http://cc.58.com/zufang/34126066948798x.shtml,1.53E+12,0,75,1,4100,0,1室1厅1卫,恒大雅苑
http://cc.58.com/zufang/33917032048591x.shtml,1.53E+12,5,105,1,4000,0,2室1厅1卫,南湖名家
http://cc.58.com/zufang/33619809810993x.shtml,1.53E+12,2,93,1,4000,0,3室2厅1卫,御翠豪庭尚府一期
http://cc.58.com/zufang/33963321462468x.shtml,1.53E+12,5,121,1,4000,0,3室1厅1卫,万达广场
http://cc.58.com/zufang/34096416541994x.shtml,1.53E+12,0,104,1,4000,0,2室1厅1卫,棠棣
http://cc.58.com/zufang/33949224283706x.shtml,1.53E+12,1,135,1,4000,0,3室2厅2卫,万科蓝山
http://cc.58.com/zufang/33473338650157x.shtml,1.53E+12,5,98,1,4000,0,2室2厅1卫,华亿红府
http://cc.58.com/zufang/32814566023247x.shtml,1.53E+12,0,128,1,3800,0,3室2厅1卫,复地哥德堡森林
http://cc.58.com/zufang/34059914419889x.shtml,1.53E+12,2,154,1,3700,0,3室2厅2卫,长春明珠
http://cc.58.com/zufang/33984293165504x.shtml,1.53E+12,0,100,1,3700,0,2室2厅1卫,翡翠花溪
http://cc.58.com/zufang/34059295043390x.shtml,1.53E+12,4,66,1,3700,0,1室1厅1卫,长客厂南
http://cc.58.com/zufang/34037642620349x.shtml,1.53E+12,2,106,1,3600,0,2室2厅1卫,虹馆
http://cc.58.com/zufang/34060055730348x.shtml,1.53E+12,5,132,1,3500,0,3室2厅1卫,大禹城邦
http://cc.58.com/zufang/33917617473598x.shtml,1.53E+12,1,135,1,3500,0,3室2厅1卫,昊源高格蓝湾
http://cc.58.com/zufang/33377617897413x.shtml,1.53E+12,0,130,1,3500,0,3室2厅1卫,中海国际社区(AJ区)
http://cc.58.com/zufang/34104734508859x.shtml,1.53E+12,2,70,1,3500,0,2室1厅1卫,中信御园
http://cc.58.com/zufang/34019486099515x.shtml,1.53E+12,0,145,1,3500,0,3室2厅2卫,万盛东城
http://cc.58.com/zufang/33805786679757x.shtml,1.53E+12,5,132,1,3500,0,3室2厅2卫,大禹城邦
http://cc.58.com/zufang/32014864705359x.shtml,1.53E+12,5,100,1,3300,0,2室2厅1卫,国信南湖公馆
http://cc.58.com/zufang/32920503487677x.shtml,1.53E+12,5,75,1,3200,0,1室1厅1卫,南湖祥水湾
http://cc.58.com/zufang/34063400754759x.shtml,1.53E+12,0,120,1,3200,0,3室3厅2卫,复地哥德堡森林
http://cc.58.com/zufang/34116814698167x.shtml,1.53E+12,2,95,1,3200,0,3室2厅1卫,万科金域长春
http://cc.58.com/zufang/33627921896263x.shtml,1.53E+12,0,106,1,3200,0,2室2厅1卫,富腾天下城
http://cc.58.com/zufang/33998547890604x.shtml,1.53E+12,5,118,1,3200,0,3室2厅2卫,融创上城(别墅)
http://cc.58.com/zufang/34059075722952x.shtml,1.53E+12,1,130,1,3200,0,3室2厅1卫,万龙名城
http://cc.58.com/zufang/33354902688575x.shtml,1.53E+12,0,137,1,3200,0,3室2厅2卫,中海国际社区(AJ区)
http://cc.58.com/zufang/34004214388165x.shtml,1.53E+12,0,160,1,3000,0,3室2厅2卫,富奥花园C区
http://cc.58.com/zufang/33818810141740x.shtml,1.53E+12,1,88,1,3000,0,2室2厅1卫,万科蓝山
http://cc.58.com/zufang/34115287109557x.shtml,1.53E+12,2,90,1,3000,0,2室1厅1卫,秋实e景二期
http://cc.58.com/zufang/33926679704767x.shtml,1.53E+12,0,95,1,3000,0,2室2厅1卫,环球凯旋公馆
http://cc.58.com/zufang/33963025930564x.shtml,1.53E+12,4,122,1,3000,0,3室2厅1卫,御景名家A区
http://cc.58.com/zufang/34050323720372x.shtml,1.53E+12,5,60,1,3000,0,2室1厅1卫,桂林小区
http://cc.58.com/zufang/34038231657531x.shtml,1.53E+12,0,102,1,3000,0,2室2厅1卫,东方万达城
http://cc.58.com/zufang/34096023430349x.shtml,1.53E+12,5,75,1,3000,0,2室2厅1卫,华亿红府
http://cc.58.com/zufang/34117749113410x.shtml,1.53E+12,1,95,1,3000,0,2室2厅1卫,昊源高格蓝湾
http://cc.58.com/zufang/33815638049217x.shtml,1.53E+12,2,87,1,3000,0,2室2厅1卫,保利林语
http://cc.58.com/zufang/34128737494462x.shtml,1.53E+12,0,92,1,2950,0,2室2厅1卫,浦东新城
http://cc.58.com/zufang/34114168792109x.shtml,1.53E+12,2,85,1,2900,0,2室2厅1卫,秋实e景二期
http://short.58.com/zd_p/b6e6f6af-dd99-4b2c-94e0-8633deb2b171/?target=xx-16-xgk_hvimob_85779191229659q-feykn&end=end,1.53E+12,0,85,1,2900,0,3室2厅2卫,开发区六小区
http://cc.58.com/zufang/33617840858171x.shtml,1.53E+12,2,89,1,2800,0,2室2厅1卫,豪苑翡翠城
http://cc.58.com/zufang/33728659076917x.shtml,1.53E+12,2,127,1,2800,0,3室2厅2卫,国税繁荣小区
http://cc.58.com/zufang/33550583756725x.shtml,1.53E+12,0,97,1,2800,0,2室2厅1卫,万科城
http://short.58.com/zd_p/0a7ae065-1754-4373-aebc-f8f54124e4b4/?target=xx-16-xgk_hvimob_88229836846649q-feykn&end=end,1.53E+12,0,148,1,2800,0,3室2厅2卫,富奥花园C区
http://cc.58.com/zufang/34018568114242x.shtml,1.53E+12,0,92,1,2800,0,2室2厅1卫,华润凯旋门
http://cc.58.com/zufang/34039610356048x.shtml,1.53E+12,5,120,1,2800,0,3室2厅1卫,西康小区
http://cc.58.com/zufang/33672044817067x.shtml,1.53E+12,0,89,1,2800,0,2室2厅1卫,万科城
http://short.58.com/zd_p/f1b0c262-bf32-449e-b780-8880131f944c/?target=xx-16-xgk_hvimob_88229836846649q-feykn&end=end,1.53E+12,0,148,1,2800,0,3室2厅2卫,富奥花园C区
http://short.58.com/zd_p/094bafca-269a-4d19-85f1-b89f9fe836c4/?target=xx-16-xgk_hvimob_85736164019442q-feykn&end=end,1.53E+12,0,70,1,2800,0,2室1厅1卫,复地哥德堡森林
http://cc.58.com/zufang/33851327316298x.shtml,1.53E+12,2,92,1,2800,0,2室2厅1卫,保利金香槟
http://cc.58.com/zufang/34074676549704x.shtml,1.53E+12,0,135,1,2800,0,3室2厅1卫,净月富奥A区
http://cc.58.com/zufang/33617379129022x.shtml,1.53E+12,2,89,1,2800,0,2室2厅1卫,豪苑翡翠城
http://cc.58.com/zufang/33433151165386x.shtml,1.53E+12,0,110,1,2700,0,2室2厅1卫,临河风景
http://cc.58.com/zufang/34103794527929x.shtml,1.53E+12,0,88,1,2700,0,1室1厅1卫,中海净月华庭
http://cc.58.com/zufang/34080690790861x.shtml,1.53E+12,5,95,1,2700,0,2室2厅1卫,大禹城邦
http://cc.58.com/zufang/34083907167164x.shtml,1.53E+12,0,90,1,2700,0,2室1厅1卫,阳光城
http://cc.58.com/zufang/33328982331698x.shtml,1.53E+12,0,89,1,2700,0,2室2厅1卫,中海国际社区(AJ区)
http://cc.58.com/zufang/33330199513773x.shtml,1.53E+12,2,110,1,2700,0,2室2厅1卫,长春明珠
http://cc.58.com/zufang/33915242293562x.shtml,1.53E+12,0,90,1,2700,0,2室1厅1卫,万科城
http://cc.58.com/zufang/31991501814201x.shtml,1.53E+12,1,81,1,2700,0,2室2厅1卫,昊源高格蓝湾
http://cc.58.com/zufang/34052369044779x.shtml,1.53E+12,1,117,1,2600,0,2室2厅1卫,长江花园
http://cc.58.com/zufang/33860519608241x.shtml,1.53E+12,5,75,1,2600,0,2室1厅1卫,一品红城
http://cc.58.com/zufang/33543133480637x.shtml,1.53E+12,0,86,1,2600,0,2室2厅1卫,中海净月华庭
http://cc.58.com/zufang/33894242866244x.shtml,1.53E+12,0,90,1,2600,0,2室2厅1卫,倚澜观邸(二期)
http://cc.58.com/zufang/34062103598287x.shtml,1.53E+12,4,85,1,2600,0,2室1厅1卫,新城吾悦广场
http://cc.58.com/zufang/33518048562604x.shtml,1.53E+12,5,80,1,2600,0,2室2厅1卫,清河街道万宝社区
http://cc.58.com/zufang/34115375487422x.shtml,1.53E+12,0,92,1,2600,1,2室2厅1卫,吉大菲尔瑞特
http://cc.58.com/zufang/34096023515183x.shtml,1.53E+12,5,50,1,2600,0,1室1厅1卫,华亿红府
http://cc.58.com/zufang/33937837443646x.shtml,1.53E+12,2,100,1,2600,0,2室2厅1卫,长春明珠
http://cc.58.com/zufang/33894907956140x.shtml,1.53E+12,2,114,1,2600,0,3室1厅1卫,长春明珠
http://cc.58.com/zufang/34094312757438x.shtml,1.53E+12,0,110,1,2600,0,2室2厅1卫,富奥花园C区
http://cc.58.com/zufang/33849547651910x.shtml,1.53E+12,0,110,1,2600,0,2室2厅1卫,阳光帝景
http://cc.58.com/zufang/34129244758346x.shtml,1.53E+12,4,92,1,2600,0,2室2厅1卫,融和嘉苑
http://cc.58.com/zufang/34073565572285x.shtml,1.53E+12,0,96,1,2500,0,2室2厅1卫,华荣泰时代
http://cc.58.com/zufang/33850677639475x.shtml,1.53E+12,1,92,1,2500,0,2室2厅1卫,亚泰樱花苑
http://cc.58.com/zufang/33971034962623x.shtml,1.53E+12,3,105,1,2500,0,2室2厅1卫,证大光明城一期
http://cc.58.com/zufang/33884072932920x.shtml,1.53E+12,5,120,1,2500,0,3室2厅1卫,地矿花园
http://cc.58.com/zufang/34083683725134x.shtml,1.53E+12,5,70,1,2500,0,2室1厅1卫,长影世纪村
http://cc.58.com/zufang/33972822781868x.shtml,1.53E+12,5,94,1,2500,0,3室1厅1卫,东安开运福里
http://cc.58.com/zufang/33806020654642x.shtml,1.53E+12,0,90,1,2500,0,2室1厅1卫,华润凯旋门
http://cc.58.com/zufang/34104289170729x.shtml,1.53E+12,0,90,1,2500,0,2室2厅1卫,西湖一号
http://cc.58.com/zufang/33972063827654x.shtml,1.53E+12,0,60,1,2500,0,2室1厅1卫,力旺康景
http://cc.58.com/zufang/33981714717256x.shtml,1.53E+12,0,122,1,2500,0,2室1厅1卫,园丁花园
http://cc.58.com/zufang/33980681582139x.shtml,1.53E+12,5,68,1,2500,0,3室1厅1卫,桂林胡同
http://cc.58.com/zufang/33963053508548x.shtml,1.53E+12,4,146,1,2500,0,3室2厅2卫,万福小区
http://cc.58.com/zufang/33748862172733x.shtml,1.53E+12,5,80,1,2500,0,2室2厅1卫,工程学院家属楼
http://cc.58.com/zufang/33618648728011x.shtml,1.53E+12,2,95,1,2500,0,2室2厅1卫,好景山庄
http://cc.58.com/zufang/34107121891143x.shtml,1.53E+12,0,110,1,2500,0,2室2厅1卫,金叶嘉园
http://cc.58.com/zufang/34125003800135x.shtml,1.53E+12,0,110,1,2500,0,3室2厅1卫,嘉惠红树湾
http://cc.58.com/zufang/33939895069364x.shtml,1.53E+12,0,98,1,2500,0,2室2厅1卫,华荣泰时代
http://cc.58.com/zufang/34052864398899x.shtml,1.53E+12,0,89,1,2500,0,2室2厅1卫,万科城
http://cc.58.com/zufang/33915196173368x.shtml,1.53E+12,4,104,1,2500,0,2室2厅1卫,先行名苑
http://cc.58.com/zufang/33963343173565x.shtml,1.53E+12,1,75,1,2500,0,2室1厅1卫,万龙名城
http://short.58.com/zd_p/ce47d419-3aee-4671-ac9e-04bb50593e94/?target=xx-16-xgk_hvimob_88229530133386q-feykn&end=end,1.53E+12,0,110,1,2500,0,2室2厅1卫,富奥花园C区
http://cc.58.com/zufang/33985841376328x.shtml,1.53E+12,2,120,1,2500,0,3室2厅1卫,净水山庄
http://cc.58.com/zufang/34062500682797x.shtml,1.53E+12,0,100,1,2500,0,3室2厅1卫,万科城
http://cc.58.com/zufang/32244479701444x.shtml,1.53E+12,0,90,1,2500,0,2室2厅2卫,中海国际社区(E区)
http://cc.58.com/zufang/33551652252108x.shtml,1.53E+12,0,102,1,2500,1,2室2厅1卫,远洋戛纳小镇
http://cc.58.com/zufang/30796957336525x.shtml,1.53E+12,5,100,1,2500,0,3室1厅1卫,湖光小区
http://cc.58.com/zufang/33920225807532x.shtml,1.53E+12,0,80,1,2500,0,2室2厅1卫,万科城
http://short.58.com/zd_p/2c410c33-1902-432a-b647-8344650030e9/?target=xx-16-xgk_hvimob_85404640849029q-feykn&end=end,1.53E+12,5,124,1,2500,0,3室2厅1卫,湖西小区
http://cc.58.com/zufang/34115049006670x.shtml,1.53E+12,0,89,1,2500,0,2室2厅1卫,保利罗兰香谷
http://cc.58.com/zufang/34004303298767x.shtml,1.53E+12,0,110,1,2400,0,2室2厅1卫,富奥花园C区
http://cc.58.com/zufang/33509528633641x.shtml,1.53E+12,0,80,1,2400,1,1室1厅1卫,华荣泰时代
http://cc.58.com/zufang/34050183225415x.shtml,1.53E+12,1,100,1,2400,0,2室2厅1卫,万龙名城
http://cc.58.com/zufang/33686371509565x.shtml,1.53E+12,2,80,1,2400,0,2室1厅1卫,信达东湾半岛A区
http://cc.58.com/zufang/33983183352234x.shtml,1.53E+12,0,98,1,2400,0,2室2厅1卫,高新怡众名城
http://cc.58.com/zufang/34120425933625x.shtml,1.53E+12,0,87,1,2300,0,2室2厅1卫,锦绣东南
http://cc.58.com/zufang/34085466544057x.shtml,1.53E+12,5,78,1,2300,0,2室1厅1卫,长影世纪村
http://cc.58.com/zufang/33931623197133x.shtml,1.53E+12,1,100,1,2300,0,3室2厅2卫,蔚蓝国际
http://cc.58.com/zufang/33308572110028x.shtml,1.53E+12,2,99,1,2300,0,2室2厅1卫,长春明珠
http://cc.58.com/zufang/33938991516971x.shtml,1.53E+12,2,45,1,2300,1,1室1厅1卫,天伦中央广场
http://cc.58.com/zufang/34119476111418x.shtml,1.53E+12,0,80,1,2300,0,2室1厅1卫,环球凯旋公馆
http://cc.58.com/zufang/34017159170504x.shtml,1.53E+12,5,45,1,2300,4,1室1厅1卫,大禹南湖首府
http://cc.58.com/zufang/34104240465964x.shtml,1.53E+12,0,99,1,2300,0,2室2厅1卫,蓝调倾城
http://cc.58.com/zufang/34103956366136x.shtml,1.53E+12,0,89,1,2300,0,2室2厅1卫,力旺格林春天
http://short.58.com/zd_p/e6eb9144-feac-4fd8-aea4-750730445d91/?target=xx-16-xgk_hvimob_85730824346514q-feykn&end=end,1.53E+12,0,50,1,2300,0,1室1厅1卫,GTC环球贸易中心
http://cc.58.com/zufang/34006780113093x.shtml,1.53E+12,5,64,1,2300,0,1室0厅1卫,富苑盛世城
http://short.58.com/zd_p/57e9f615-23f7-4d43-ac8a-bebf0a72651b/?target=xx-16-xgk_hvimob_85463356691884q-feykn&end=end,1.53E+12,0,50,1,2300,0,1室1厅1卫,垠禄新界
http://cc.58.com/zufang/33696340271019x.shtml,1.53E+12,0,96,1,2300,0,2室1厅1卫,首地首城
http://cc.58.com/zufang/34016098465866x.shtml,1.53E+12,5,55,1,2300,4,1室0厅1卫,富苑盛世城
http://cc.58.com/zufang/33653556407341x.shtml,1.53E+12,0,100,1,2300,0,2室2厅1卫,假日名都
http://cc.58.com/zufang/32547305156409x.shtml,1.53E+12,1,50,1,2300,0,2室0厅1卫,万龙名城
http://cc.58.com/zufang/33794651711310x.shtml,1.53E+12,1,72,1,2300,0,2室1厅1卫,万龙名城
http://cc.58.com/zufang/33894272484017x.shtml,1.53E+12,2,75,1,2300,0,2室1厅1卫,绿地新里中央公馆C区
http://cc.58.com/zufang/33231847662539x.shtml,1.53E+12,5,100,1,2300,0,2室2厅1卫,富豪花园
http://cc.58.com/zufang/33797718698303x.shtml,1.53E+12,5,100,1,2200,0,2室1厅1卫,慈光世纪居
http://cc.58.com/zufang/33960219201470x.shtml,1.53E+12,2,108,1,2200,0,2室2厅1卫,创新花园
http://cc.58.com/zufang/34126439216962x.shtml,1.53E+12,3,84,1,2200,0,2室1厅1卫,证大光明城一期
http://cc.58.com/zufang/34103219005876x.shtml,1.53E+12,5,45,1,2200,4,1室1厅1卫,万达广场
http://cc.58.com/zufang/33331390755279x.shtml,1.53E+12,5,80,1,2200,0,3室1厅1卫,地震局宿舍
http://cc.58.com/zufang/33951164416444x.shtml,1.53E+12,2,25,1,2200,0,1室1厅1卫,亚泰鼎盛国际
http://cc.58.com/zufang/34093870088127x.shtml,1.53E+12,0,100,1,2200,0,2室1厅1卫,东润枫景
http://cc.58.com/zufang/33938310851630x.shtml,1.53E+12,1,96,1,2200,0,2室2厅1卫,汉森金烁广场
http://cc.58.com/zufang/33849981221188x.shtml,1.53E+12,2,84,1,2200,0,2室1厅1卫,信达东湾半岛(第三区)
http://cc.58.com/zufang/34009182409664x.shtml,1.53E+12,0,120,1,2200,0,3室2厅1卫,新星宇和邑(A区)
http://jxjump.58.com/service?target=FCADV8oV3os7xtAhI2suhvPnTEOzCQMDuYcRrUSo4dgmt56DZpk1zEffDjpdRkNz3Q5xoKYl4Bi0ja0R1Nvayh1xsezcHLWv3OGLyyBP1ZKMCGY2-4jsj8DUwFzM5rwA2TDpoeEvZYetOdm4C1b9SXTBBAW4ugUfNwQOAZtAUEnEhkw6tMGW2762VZ6l4H5QrUvdBtUHPxSnR1aM2LqYB6VGqwnK6Q-YyQO7rZ4Va80-ZO1n05RkBboQ1X6oj08mTC5as&local=319&pubid=32910876&apptype=0&psid=137390437200099585871940207&entinfo=34050654712010_0&cookie=|||&fzbref=0&key=&params=busitime^desc,1.53E+12,0,90,1,2200,0,2室2厅1卫,中国铁建国际花园(一期)
http://cc.58.com/zufang/34051411989422x.shtml,1.53E+12,1,93,1,2200,1,3室1厅1卫,奥体玉园
http://jxjump.58.com/service?target=FCADV8oV3os7xtAhI2suhvPnTEOzCQMDuYcRrUSo4dgmt56DZpk1zEffDjpdRkNz3Q5xoKYl4Bi0ja0R1Nvayh1xsezcHLWv3OGLyyBP1ZKMCGY2-4jsj8DUwFzM5rwA2TDpoeEvZYetOdm4C1b9SXTBBAW4ugUfNwQOAZtAUEnEhkw6tMGW2762VZ6l4H5QrUvdBtUHPxSnR1aM2LqYB6VGqwnK6Q-YyQO7rZ4Va80-ZO1n05RkBboQ1X6oj08mTC5as&local=319&pubid=32910876&apptype=0&psid=174089254200099585876687139&entinfo=34050654712010_0&cookie=|||&fzbref=0&key=&params=busitime^desc,1.53E+12,0,90,1,2200,0,2室2厅1卫,中国铁建国际花园(一期)
http://cc.58.com/zufang/34092890320322x.shtml,1.53E+12,1,80,1,2200,0,1室1厅1卫,蓝色港湾(二期)
http://cc.58.com/zufang/33840875724368x.shtml,1.53E+12,5,120,1,2200,0,3室1厅1卫,大兴小区
http://cc.58.com/zufang/34119727635000x.shtml,1.53E+12,2,62,1,2200,0,1室1厅1卫,绿地新里中央公馆C区
http://cc.58.com/zufang/33950631996871x.shtml,1.53E+12,5,84,1,2200,0,2室1厅1卫,长久家苑2区
http://cc.58.com/zufang/33998514089790x.shtml,1.53E+12,1,54,1,2200,0,1室1厅1卫,蓝色港湾(一期)
http://jxjump.58.com/service?target=FCADV8oV3os7xtAhI2suhvPnTEOzCQMDuYcRrTIWXfULsKCnZpk1zEffDjpdRkNz3Q5xoKYl4Bi0ja0T4AIlEgz6FNJJ3J82ZHUeuyBP1ZKMCGY3PrQj1n0KoEmJSwmGzMXkPeEvZYetOdm5P8nhiSnghpnayiPyJ8f3mZtAUEnEhkw6tMGW2762VZ6l4H5QrUvdBKv2JTgDMKlxnaOB5IlWKMXK6Q-YyQO7rZ4Va80-ZO1lWwMvMGQ8Nw6oj08mTC5as&local=319&pubid=32821952&apptype=0&psid=179871064200099648651583876&entinfo=33952140836676_0&cookie=|||&fzbref=0&key=&params=busitime^desc,1.53E+12,2,25,1,2200,0,1室1厅1卫,亚泰鼎盛国际
http://cc.58.com/zufang/34103551632184x.shtml,1.53E+12,2,50,1,2100,0,2室1厅1卫,天伦中央
http://cc.58.com/zufang/33926750192959x.shtml,1.53E+12,0,83,1,2100,0,2室1厅1卫,超达家园
http://cc.58.com/zufang/33257967104588x.shtml,1.53E+12,0,60,1,2100,0,1室1厅1卫,棠棣
http://cc.58.com/zufang/34129631801780x.shtml,1.53E+12,0,90,1,2100,0,2室2厅1卫,万龙丽水湾
http://cc.58.com/zufang/34115146653749x.shtml,1.53E+12,2,46,1,2100,1,1室1厅1卫,天伦中央
http://cc.58.com/zufang/34081480052799x.shtml,1.53E+12,1,80,1,2100,0,2室1厅1卫,万龙名城
http://cc.58.com/zufang/34107342148801x.shtml,1.53E+12,5,56,1,2100,0,1室0厅1卫,富苑盛世城
http://cc.58.com/zufang/34074115058494x.shtml,1.53E+12,5,70,1,2100,0,2室1厅1卫,桂林小区
http://cc.58.com/zufang/34115480306999x.shtml,1.53E+12,5,74,1,2100,0,2室2厅1卫,东安开运福里
http://cc.58.com/zufang/34106433304632x.shtml,1.53E+12,2,80,1,2000,1,1室1厅1卫,万晟现代城B区
http://cc.58.com/zufang/34118266781739x.shtml,1.53E+12,3,98,1,2000,0,2室2厅1卫,卓扬中华城
http://cc.58.com/zufang/32767059284269x.shtml,1.53E+12,0,90,1,2000,0,2室2厅1卫,恒大帝景
http://cc.58.com/zufang/33296291155278x.shtml,1.53E+12,0,80,1,2000,0,2室2厅1卫,天旗凤凰城
http://cc.58.com/zufang/34103914676271x.shtml,1.53E+12,5,80,1,2000,0,3室1厅1卫,南湖新村
http://cc.58.com/zufang/33441380554320x.shtml,1.53E+12,1,90,1,2000,0,2室2厅1卫,吉星花园
http://cc.58.com/zufang/34081585152943x.shtml,1.53E+12,1,63,1,2000,1,1室1厅1卫,万科蓝山
http://cc.58.com/zufang/33886199672388x.shtml,1.53E+12,5,80,1,2000,0,2室1厅1卫,司法厅宿舍
http://cc.58.com/zufang/34106973948597x.shtml,1.53E+12,3,90,1,2000,0,2室2厅1卫,东田青年城
http://cc.58.com/zufang/33662634784719x.shtml,1.53E+12,0,103,1,2000,0,2室2厅1卫,咖啡小镇
http://short.58.com/zd_p/6268b836-a120-49ff-8b57-9ca52115c953/?target=xx-16-xgk_hvimob_85771056266345q-feykn&end=end,1.53E+12,0,70,1,2000,0,2室1厅1卫,东城国际花园
http://cc.58.com/zufang/34027015837361x.shtml,1.53E+12,0,74,1,2000,0,2室1厅1卫,嘉柏湾
http://cc.58.com/zufang/33379635462586x.shtml,1.53E+12,5,45,1,2000,1,1室1厅1卫,大禹南湖首府
http://cc.58.com/zufang/33808675037757x.shtml,1.53E+12,2,62,1,2000,0,1室1厅1卫,亚泰鼎盛国际
http://cc.58.com/zufang/33819469047488x.shtml,1.53E+12,5,85,1,2000,0,2室2厅1卫,威尼斯花园
http://cc.58.com/hezu/30587743360171x.shtml,1.53E+12,4,96,2,2000,0,2室2厅1卫,丰和西郡
http://cc.58.com/zufang/34052302883131x.shtml,1.53E+12,1,60,1,2000,0,1室1厅1卫,昊源高格蓝湾
http://cc.58.com/zufang/34106911496526x.shtml,1.53E+12,0,118,1,2000,0,2室2厅1卫,金色世界湾
http://cc.58.com/zufang/34043419499073x.shtml,1.53E+12,5,91,1,2000,0,3室2厅1卫,南湖新村
http://cc.58.com/zufang/34037627242951x.shtml,1.53E+12,1,96,1,1950,1,2室2厅1卫,亚泰杏花苑
http://cc.58.com/zufang/34026273408583x.shtml,1.53E+12,0,72,1,1900,0,2室1厅1卫,远创樾府
http://cc.58.com/zufang/33975567548473x.shtml,1.53E+12,2,62,1,1900,0,2室1厅1卫,东北师范大学第一教职工...
http://cc.58.com/zufang/29768185760582x.shtml,1.53E+12,5,42,1,1900,0,1室1厅1卫,阳光城
http://cc.58.com/zufang/34092602213701x.shtml,1.53E+12,5,88,1,1900,0,2室2厅1卫,星宇华宇花园
http://short.58.com/zd_p/477b66e3-3656-4cb6-9484-4ffbaddbc400/?target=xx-16-xgk_hvimob_85771676853429q-feykn&end=end,1.53E+12,0,65,1,1900,0,2室1厅1卫,东城国际花园
http://cc.58.com/zufang/34107628421930x.shtml,1.53E+12,5,60,1,1900,0,2室1厅1卫,南湖祥水湾
http://cc.58.com/zufang/34129762528446x.shtml,1.53E+12,4,104,1,1900,0,2室1厅1卫,万福小区
http://cc.58.com/zufang/33630007180994x.shtml,1.53E+12,0,60,1,1900,0,2室1厅1卫,金色世界湾
http://cc.58.com/zufang/33697513256390x.shtml,1.53E+12,0,75,1,1900,0,2室1厅1卫,新星宇和邑(A区)
http://cc.58.com/zufang/33904946443587x.shtml,1.53E+12,5,57,1,1850,0,1室1厅1卫,万达广场
http://cc.58.com/zufang/34094602510530x.shtml,1.53E+12,5,36,1,1805,4,1室0厅1卫,世纪鸿源
http://cc.58.com/zufang/33698057853114x.shtml,1.53E+12,0,89,1,1800,0,2室1厅1卫,远创樾府
http://cc.58.com/zufang/33948800080967x.shtml,1.53E+12,0,58,1,1800,0,1室1厅1卫,天茂城中央
http://cc.58.com/zufang/33971145252560x.shtml,1.53E+12,5,45,1,1800,1,1室0厅1卫,大禹南湖首府
http://cc.58.com/zufang/33587562853422x.shtml,1.53E+12,5,45,1,1800,0,1室1厅1卫,大禹南湖首府
http://cc.58.com/zufang/33760902986831x.shtml,1.53E+12,0,90,1,1800,0,2室2厅1卫,七小区
http://cc.58.com/zufang/33364981158834x.shtml,1.53E+12,0,64,1,1800,0,2室1厅1卫,金色世界湾
http://cc.58.com/zufang/34052439914299x.shtml,1.53E+12,0,100,1,1800,0,2室1厅1卫,中海紫御华府
http://cc.58.com/zufang/33983590376504x.shtml,1.53E+12,0,74,1,1800,0,2室1厅1卫,远创樾府
http://cc.58.com/zufang/33841484928463x.shtml,1.53E+12,0,50,1,1800,0,1室1厅1卫,中国铁建国际花园(一期)
http://cc.58.com/zufang/34050638649769x.shtml,1.53E+12,4,90,1,1800,0,2室1厅1卫,水利家园
http://cc.58.com/zufang/33707778587454x.shtml,1.53E+12,2,62,1,1800,0,1室1厅1卫,万晟现代城
http://cc.58.com/zufang/34050323280300x.shtml,1.53E+12,5,62,1,1800,0,2室1厅1卫,桂林小区
http://cc.58.com/zufang/33896750392767x.shtml,1.53E+12,0,70,1,1800,0,1室1厅1卫,安华美郡
http://cc.58.com/zufang/33985352459067x.shtml,1.53E+12,5,80,1,1800,0,2室1厅1卫,交通小区
http://cc.58.com/zufang/26729039638608x.shtml,1.53E+12,0,58,1,1800,0,2室1厅1卫,隆泰富苑
http://cc.58.com/zufang/33915965216584x.shtml,1.53E+12,5,49,1,1800,0,1室1厅1卫,富苑盛世城
http://cc.58.com/zufang/34096938217529x.shtml,1.53E+12,2,63,1,1800,0,2室1厅1卫,永春居住区
http://cc.58.com/zufang/31958959285173x.shtml,1.53E+12,5,98,1,1800,0,2室1厅1卫,和光小区
http://cc.58.com/zufang/34082944093359x.shtml,1.53E+12,2,50,1,1800,0,1室1厅1卫,天伦中央广场
http://cc.58.com/zufang/33709159584190x.shtml,1.53E+12,3,88,1,1800,0,2室1厅1卫,沈铁盛华庭
http://cc.58.com/zufang/34048295936825x.shtml,1.53E+12,2,49,1,1800,0,1室1厅1卫,天伦中央
http://cc.58.com/zufang/34018056621370x.shtml,1.53E+12,1,88,1,1800,0,3室1厅1卫,澳海梦想城
http://cc.58.com/zufang/34106010344127x.shtml,1.53E+12,1,55,1,1800,0,1室1厅1卫,昊源高格蓝湾
http://cc.58.com/zufang/33927920950982x.shtml,1.53E+12,0,45,1,1800,0,1室1厅1卫,首地首城
http://cc.58.com/zufang/34103639073227x.shtml,1.53E+12,0,98,1,1800,0,2室2厅1卫,环球凯旋公馆
http://cc.58.com/zufang/33841291387586x.shtml,1.53E+12,1,75,1,1750,0,2室2厅1卫,德展长春印
http://cc.58.com/zufang/33886773392183x.shtml,1.53E+12,0,45,1,1700,0,1室1厅1卫,中海国际社区(AJ区)
http://cc.58.com/zufang/34125004742189x.shtml,1.53E+12,4,60,1,1700,0,2室0厅1卫,先行名苑
http://cc.58.com/zufang/33749138649407x.shtml,1.53E+12,5,40,1,1700,0,1室1厅1卫,桂林小区
http://cc.58.com/zufang/34103415403344x.shtml,1.53E+12,0,45,1,1700,4,1室1厅1卫,剑桥园西区
http://cc.58.com/zufang/33563454721209x.shtml,1.53E+12,2,60,1,1700,0,2室1厅1卫,航空家园
http://cc.58.com/zufang/33615423808809x.shtml,1.53E+12,0,65,1,1700,0,1室1厅1卫,安华美郡
http://cc.58.com/zufang/34096281721282x.shtml,1.53E+12,2,50,1,1700,4,1室1厅1卫,东康小区
http://cc.58.com/zufang/33042642976831x.shtml,1.53E+12,0,83,1,1700,0,2室2厅1卫,东皇君园一期
http://cc.58.com/zufang/32555941619141x.shtml,1.53E+12,0,86,1,1700,0,2室2厅1卫,中意之尊
http://cc.58.com/zufang/31106669669814x.shtml,1.53E+12,0,55,1,1700,0,1室1厅1卫,天茂城中央
http://cc.58.com/zufang/34019941687091x.shtml,1.53E+12,5,50,1,1700,0,1室1厅1卫,安达天下
http://cc.58.com/zufang/33851790352575x.shtml,1.53E+12,0,89,1,1700,0,2室2厅1卫,领秀蓝珀湖
http://cc.58.com/zufang/33851907462708x.shtml,1.53E+12,0,56,1,1700,0,1室1厅1卫,高新怡众名城
http://cc.58.com/zufang/34119320215352x.shtml,1.53E+12,0,58,1,1700,0,1室1厅1卫,昆玉府
http://cc.58.com/zufang/33827164904133x.shtml,1.53E+12,4,76,1,1700,0,2室1厅1卫,丰和西郡
http://cc.58.com/zufang/33685688461388x.shtml,1.53E+12,5,66,1,1700,0,2室1厅1卫,西昌小区西区
http://cc.58.com/zufang/33318342294959x.shtml,1.53E+12,5,63,1,1700,1,2室1厅1卫,四分局吉大家属楼
http://cc.58.com/zufang/34092792039630x.shtml,1.53E+12,4,80,1,1700,0,2室1厅1卫,中新花园
http://cc.58.com/zufang/33904411699132x.shtml,1.53E+12,0,60,1,1700,0,1室1厅1卫,天茂城中央
http://cc.58.com/zufang/34017132692530x.shtml,1.53E+12,0,76,1,1700,0,2室1厅1卫,领秀蓝珀湖
http://cc.58.com/zufang/33784606390093x.shtml,1.53E+12,4,77,1,1700,0,2室1厅1卫,丰和西郡
http://cc.58.com/zufang/34037359597513x.shtml,1.53E+12,5,56,1,1700,0,2室0厅1卫,领秀朝阳
http://cc.58.com/zufang/34105611228477x.shtml,1.53E+12,4,55,1,1700,0,1室1厅1卫,北方尚品
http://cc.58.com/zufang/33662637823785x.shtml,1.53E+12,0,53,1,1666,0,1室1厅1卫,伟业星城
http://cc.58.com/zufang/34081482121674x.shtml,1.53E+12,2,60,1,1666,0,2室1厅1卫,龙泰富苑
http://cc.58.com/zufang/34048296141498x.shtml,1.53E+12,2,49,1,1666,0,1室1厅1卫,天伦中央
http://cc.58.com/zufang/34038672460090x.shtml,1.53E+12,5,65,1,1650,0,2室1厅1卫,安达小区
http://cc.58.com/zufang/33694928889420x.shtml,1.53E+12,2,40,1,1650,0,1室0厅1卫,中金名筑
http://cc.58.com/zufang/33695130319683x.shtml,1.53E+12,0,47,1,1650,0,1室1厅1卫,天茂城中央
http://cc.58.com/zufang/33876206101187x.shtml,1.53E+12,0,105,1,1650,0,2室1厅1卫,雍景嘉苑
http://cc.58.com/zufang/33496994146867x.shtml,1.53E+12,5,85,1,1650,0,2室1厅1卫,信义小区
http://cc.58.com/zufang/34037039933996x.shtml,1.53E+12,2,87,1,1650,0,2室2厅1卫,工大新村武威路
http://cc.58.com/zufang/33418388465728x.shtml,1.53E+12,0,49,1,1650,0,1室1厅1卫,天盛名都
http://cc.58.com/zufang/34106437682473x.shtml,1.53E+12,2,49,1,1600,1,1室1厅1卫,万晟现代城
http://cc.58.com/zufang/34106431973698x.shtml,1.53E+12,2,46,1,1600,1,1室1厅1卫,天伦中央
http://cc.58.com/zufang/34104953013569x.shtml,1.53E+12,2,80,1,1600,1,2室1厅1卫,净水山庄
http://short.58.com/zd_p/535ae92b-3e5a-423f-b564-31835666d49b/?target=xx-16-xgk_hvimob_88086312302150q-feykn&end=end,1.53E+12,0,60,1,1600,0,1室1厅1卫,华盛碧水云天一期
http://short.58.com/zd_p/c5717afe-13e4-44e4-a67e-0a01c8c5c5c2/?target=xx-16-xgk_hvimob_85739903271438q-feykn&end=end,1.53E+12,1,60,1,1600,0,1室1厅1卫,松苑小区
http://cc.58.com/zufang/33948977982769x.shtml,1.53E+12,0,46,1,1600,0,1室1厅1卫,新星宇左岸小区
http://cc.58.com/zufang/34053916357058x.shtml,1.53E+12,2,80,1,1600,0,2室1厅1卫,师大东电社区
http://cc.58.com/zufang/34081586513461x.shtml,1.53E+12,2,55,1,1600,0,1室1厅1卫,龙泰富苑
http://cc.58.com/zufang/32403914292037x.shtml,1.53E+12,0,63,1,1600,0,2室1厅1卫,天茂城中央
http://cc.58.com/zufang/34007300844093x.shtml,1.53E+12,1,60,1,1600,0,1室2厅1卫,金色橄榄城二期
http://cc.58.com/zufang/34060036800325x.shtml,1.53E+12,0,50,1,1600,0,2室1厅1卫,澳海澜庭
http://cc.58.com/zufang/33926760763325x.shtml,1.53E+12,4,45,1,1600,1,1室1厅1卫,中冶新奥蓝城三期
http://cc.58.com/zufang/33962249649616x.shtml,1.53E+12,3,70,1,1600,0,2室1厅1卫,万龙第十城
http://cc.58.com/zufang/34103182534595x.shtml,1.53E+12,5,55,1,1600,0,1室0厅1卫,富苑盛世城
http://cc.58.com/zufang/34106885161906x.shtml,1.53E+12,0,88,1,1600,0,2室1厅1卫,澳海澜苑
http://cc.58.com/zufang/34049600250941x.shtml,1.53E+12,0,55,1,1600,0,1室1厅1卫,华盛碧水云天一期
http://cc.58.com/zufang/32890201532360x.shtml,1.53E+12,0,58,1,1600,0,2室1厅1卫,像素公馆
http://cc.58.com/zufang/34007164539179x.shtml,1.53E+12,1,68,1,1600,0,2室1厅1卫,亚泰樱花苑
http://cc.58.com/zufang/34043440250673x.shtml,1.53E+12,1,88,1,1600,0,2室1厅1卫,二道晨宇小区(一期)
http://cc.58.com/zufang/34063767269037x.shtml,1.53E+12,0,50,1,1600,0,2室2厅2卫,保利拉菲公馆C区
http://cc.58.com/zufang/34070161521101x.shtml,1.53E+12,5,50,1,1600,1,1室1厅1卫,西中华小区
http://cc.58.com/zufang/34063806688565x.shtml,1.53E+12,3,91,1,1600,0,2室2厅1卫,上台花园A区
http://cc.58.com/zufang/34017810075457x.shtml,1.53E+12,1,60,1,1600,0,1室1厅1卫,长江花园
http://cc.58.com/zufang/33618300522572x.shtml,1.53E+12,5,85,1,1600,0,2室1厅1卫,易安花园
http://cc.58.com/zufang/34040341373108x.shtml,1.53E+12,2,96,1,1600,0,2室1厅1卫,八一水韵城D区
http://cc.58.com/zufang/34126173505598x.shtml,1.53E+12,0,52,1,1600,0,1室1厅1卫,新星宇左岸小区
http://cc.58.com/zufang/33586098839091x.shtml,1.53E+12,1,60,1,1600,0,2室1厅1卫,丽景秀苑
http://short.58.com/zd_p/952f66db-98cc-4067-b62a-70a898ef34bb/?target=xx-16-xgk_hvimob_88849956614260q-feykn&end=end,1.53E+12,5,43,1,1600,0,1室0厅1卫,富苑盛世城
http://cc.58.com/zufang/34092888041021x.shtml,1.53E+12,3,60,1,1600,0,2室1厅1卫,北安路2021号小区
http://cc.58.com/zufang/33540271796283x.shtml,1.53E+12,5,60,1,1600,0,2室1厅1卫,科技花园
http://cc.58.com/zufang/33654505591741x.shtml,1.53E+12,4,95,1,1600,0,2室2厅1卫,隆都翡翠湾
http://cc.58.com/zufang/33949427775915x.shtml,1.53E+12,4,75,1,1600,0,2室1厅1卫,大禹华邦
http://cc.58.com/zufang/34104176782771x.shtml,1.53E+12,3,85,1,1600,0,2室1厅1卫,豪邦四季经典
http://short.58.com/zd_p/8768fadb-8677-463e-8cc0-7a67592f5b59/?target=xx-16-xgk_hvimob_85731630654163q-feykn&end=end,1.53E+12,5,50,1,1600,1,1室0厅1卫,万达广场
http://cc.58.com/zufang/34060071407302x.shtml,1.53E+12,0,50,1,1600,0,1室1厅1卫,高新怡众名城
http://cc.58.com/zufang/33984218920373x.shtml,1.53E+12,1,75,1,1600,0,2室1厅1卫,德展长春印
http://cc.58.com/zufang/34035789147972x.shtml,1.53E+12,5,57,1,1600,1,2室1厅1卫,大禹南湖首府
http://cc.58.com/zufang/33675922822726x.shtml,1.53E+12,4,60,1,1600,0,1室1厅1卫,交通指挥中心标点小区
http://cc.58.com/zufang/34022642811215x.shtml,1.53E+12,0,75,1,1600,0,1室1厅1卫,众诚一品东南
http://cc.58.com/zufang/33730694808758x.shtml,1.53E+12,0,85,1,1600,0,2室2厅1卫,东方1号
http://cc.58.com/zufang/34070513426121x.shtml,1.53E+12,3,58,1,1600,4,1室0厅1卫,万达公寓
http://cc.58.com/zufang/34072636722110x.shtml,1.53E+12,4,71,1,1600,0,2室1厅1卫,吉林省第二建筑公司第二...
http://cc.58.com/zufang/33950187060156x.shtml,1.53E+12,3,93,1,1600,0,2室1厅1卫,金苹果家园
http://cc.58.com/zufang/34104611963705x.shtml,1.53E+12,5,54,1,1600,0,2室1厅1卫,领秀朝阳
http://cc.58.com/zufang/33650910473791x.shtml,1.53E+12,5,42,1,1600,3,1室1厅1卫,金坐标
http://short.58.com/zd_p/e3fd9680-f94a-491f-9334-be66e4a16470/?target=xx-16-xgk_hvimob_88160457033029q-feykn&end=end,1.53E+12,5,80,1,1600,1,2室2厅1卫,永昌路小区
http://cc.58.com/zufang/33787057257129x.shtml,1.53E+12,5,50,1,1600,0,2室0厅1卫,大禹城邦
http://cc.58.com/zufang/33478866255158x.shtml,1.53E+12,3,92,1,1550,0,2室2厅1卫,兆丰凯旋明珠
http://cc.58.com/zufang/33885875044395x.shtml,1.53E+12,1,52,1,1550,4,1室1厅1卫,上东街区
http://cc.58.com/zufang/34119425096265x.shtml,1.53E+12,2,65,1,1500,0,2室1厅1卫,园东小区
http://cc.58.com/zufang/33529976419640x.shtml,1.53E+12,2,70,1,1500,0,2室1厅1卫,四五小区
http://cc.58.com/zufang/33893467929001x.shtml,1.53E+12,0,35,1,1500,3,1室1厅1卫,倚澜观邸(二期)
http://cc.58.com/zufang/33362900687924x.shtml,1.53E+12,2,70,1,1500,0,3室1厅1卫,桃源春晖小区
http://cc.58.com/zufang/34129579807930x.shtml,1.53E+12,3,98,1,1500,0,2室1厅,沈铁北部湾(B区)
http://cc.58.com/zufang/34129577560234x.shtml,1.53E+12,1,51,1,1500,0,2室1厅1卫,吉盛花园
http://cc.58.com/zufang/33642560742453x.shtml,1.53E+12,5,60,1,1500,0,2室1厅1卫,中医学院宿舍
http://cc.58.com/zufang/34037386580042x.shtml,1.53E+12,1,60,1,1500,0,2室1厅1卫,亚泰杏花苑
http://cc.58.com/zufang/33398788511042x.shtml,1.53E+12,1,50,1,1500,0,1室1厅1卫,阳光帝景
http://short.58.com/zd_p/aeeed55c-427a-464e-98f5-1236469eb8c6/?target=xx-16-xgk_hvimob_85736841850732q-feykn&end=end,1.53E+12,1,41,1,1500,0,1室1厅1卫,御景名都B区
http://short.58.com/zd_p/cba18814-2162-42ce-a5ea-80be0cff4698/?target=xx-16-xgk_hvimob_85730619661344q-feykn&end=end,1.53E+12,0,52,1,1500,0,1室1厅1卫,绿地长春上海城C区
http://cc.58.com/zufang/34042353612101x.shtml,1.53E+12,5,40,1,1500,1,1室0厅1卫,大禹城邦
http://cc.58.com/zufang/33759477198016x.shtml,1.53E+12,5,65,1,1500,1,2室1厅0卫,西昌小区东区
http://cc.58.com/zufang/33860861672122x.shtml,1.53E+12,4,121,1,1500,0,2室1厅1卫,弘海小区
http://cc.58.com/zufang/34129631475129x.shtml,1.53E+12,3,60,1,1500,0,2室1厅1卫,康泰小区(D区)
http://cc.58.com/zufang/33949375199562x.shtml,1.53E+12,5,42,1,1500,0,1室0厅1卫,金坐标
http://cc.58.com/zufang/27981713750324x.shtml,1.53E+12,2,60,1,1500,0,2室1厅1卫,【首租】长春大街二院自...
http://cc.58.com/zufang/34073195520568x.shtml,1.53E+12,2,70,1,1500,0,2室1厅1卫,邮政宿舍
http://cc.58.com/zufang/33718769303747x.shtml,1.53E+12,1,76,1,1500,0,2室1厅1卫,香水湾
http://cc.58.com/zufang/29933984492350x.shtml,1.53E+12,4,70,1,1500,0,3室1厅1卫,西延小区
http://cc.58.com/zufang/34005545584182x.shtml,1.53E+12,4,54,1,1500,0,1室1厅1卫,西城国际公馆
http://cc.58.com/zufang/34060421911365x.shtml,1.53E+12,1,48,1,1500,0,1室1厅1卫,昊源高格蓝湾
http://cc.58.com/zufang/33462350061517x.shtml,1.53E+12,3,54,1,1500,0,1室1厅1卫,龙泰檀香苑
http://cc.58.com/zufang/33649891016000x.shtml,1.53E+12,2,74,1,1500,0,2室1厅1卫,净水山庄
http://cc.58.com/zufang/32532971878858x.shtml,1.53E+12,5,40,1,1500,0,1室1厅1卫,桂林小区
http://cc.58.com/zufang/33884256377644x.shtml,1.53E+12,1,55,1,1500,0,1室1厅1卫,武夷嘉园
http://jxjump.58.com/service?target=FCADV8oV3os7xtAhI2suhvPnTEOzCQMDuYcRraGzCl4nKlNbZpk1zEffDjpdRkNz3Q5xoKYl4Bi0ja0SFDatymMYn3UayGCen3w3zyBP1ZKMCGY2M8wNRO78Xxh2RjHWERzdKeEvZYetOdm45sl-BjmZONmOaYFQoyojuZtAUEnEhkw6tMGW2762VZ6l4H5QrUvdBHLq7Q7eoknXGgt52n41gyXK6Q-YyQO7rZ4Va80-ZO1kbjM6WgzUo9Koj08mTC5as&local=319&pubid=33163394&apptype=0&psid=103037655200099570020964294&entinfo=33948254344499_0&cookie=|||&fzbref=0&key=&params=busitime^desc,1.53E+12,1,65,1,1500,0,2室1厅1卫,热电新村二区
http://cc.58.com/zufang/33520223896758x.shtml,1.53E+12,3,75,1,1500,0,2室1厅1卫,钻石礼都西区
http://cc.58.com/zufang/33663437626310x.shtml,1.53E+12,0,48,1,1500,0,1室1厅1卫,西湖一号
http://cc.58.com/zufang/33893020928591x.shtml,1.53E+12,2,40,1,1500,0,1室1厅1卫,中海金域中央
http://cc.58.com/zufang/34108248199086x.shtml,1.53E+12,0,58,1,1500,0,1室1厅1卫,新星宇和邑(C区)
http://cc.58.com/zufang/33676246237765x.shtml,1.53E+12,4,70,1,1500,4,2室1厅1卫,诚悦家园
http://cc.58.com/zufang/34129709442998x.shtml,1.53E+12,0,80,1,1500,0,2室1厅1卫,福临花园
http://cc.58.com/zufang/33698671078835x.shtml,1.53E+12,0,60,1,1500,0,1室1厅1卫,安华美郡
http://cc.58.com/zufang/34092261823820x.shtml,1.53E+12,0,35,1,1500,0,1室0厅1卫,倚澜观邸(二期)
http://cc.58.com/zufang/34009081058614x.shtml,1.53E+12,0,60,1,1500,0,1室1厅1卫,金色橄榄城
http://cc.58.com/zufang/32543796807730x.shtml,1.53E+12,2,80,1,1500,1,2室1厅1卫,林业厅宿舍
http://cc.58.com/zufang/34092468739654x.shtml,1.53E+12,5,60,1,1500,0,2室1厅1卫,气象宿舍小区
http://cc.58.com/zufang/34124536418094x.shtml,1.53E+12,2,72,1,1500,0,2室1厅1卫,电力七小区
http://cc.58.com/zufang/33672803078081x.shtml,1.53E+12,1,59,1,1500,0,1室1厅1卫,松苑小区
http://cc.58.com/zufang/34051524664630x.shtml,1.53E+12,0,62,1,1500,0,1室1厅1卫,天茂城中央
http://cc.58.com/zufang/33852079319217x.shtml,1.53E+12,1,54,1,1500,0,1室1厅1卫,蔚蓝国际
http://cc.58.com/zufang/33996349301561x.shtml,1.53E+12,2,80,1,1500,0,3室1厅1卫,东岭解困小区
http://cc.58.com/zufang/33273859615672x.shtml,1.53E+12,0,50,1,1500,0,1室1厅1卫,大唐东方盛世
http://cc.58.com/zufang/34082324234946x.shtml,1.53E+12,0,49,1,1500,0,2室1厅1卫,金色世界湾
http://cc.58.com/zufang/34061811174345x.shtml,1.53E+12,0,48,1,1500,4,1室1厅1卫,月伴林湾
http://cc.58.com/zufang/34052399327436x.shtml,1.53E+12,0,65,1,1500,0,2室1厅1卫,开发区六小区
http://cc.58.com/zufang/33862936724537x.shtml,1.53E+12,2,70,1,1500,0,2室1厅1卫,永长小区
http://cc.58.com/zufang/33915833629000x.shtml,1.53E+12,1,98,1,1500,0,2室2厅1卫,松苑小区
http://cc.58.com/zufang/34086412575672x.shtml,1.53E+12,0,50,1,1500,0,1室1厅1卫,力旺格林春天
http://short.58.com/zd_p/61d768cd-0479-493e-a820-dac90a099014/?target=xx-16-xgk_hvimob_85749620907668q-feykn&end=end,1.53E+12,0,45,1,1500,0,1室0厅1卫,倚澜观邸(一期)
http://cc.58.com/zufang/34096139907901x.shtml,1.53E+12,0,72,1,1500,0,2室1厅1卫,东皇波尔的家
http://cc.58.com/zufang/33871417879876x.shtml,1.53E+12,5,74,1,1500,0,2室1厅1卫,华侨新村
http://cc.58.com/zufang/34115556089291x.shtml,1.53E+12,2,40,1,1500,0,1室1厅1卫,水利宿舍(人民大街)
http://cc.58.com/zufang/33786247380781x.shtml,1.53E+12,3,53,1,1500,0,1室1厅1卫,恒大城
http://cc.58.com/zufang/34125501424555x.shtml,1.53E+12,3,50,1,1400,0,2室1厅1卫,华大天朗国际A区
http://cc.58.com/zufang/33961440589613x.shtml,1.53E+12,5,60,1,1400,0,1室1厅1卫,青云小区
http://cc.58.com/zufang/34008987585077x.shtml,1.53E+12,3,55,1,1400,0,1室0厅1卫,万达公寓
http://cc.58.com/zufang/32533369171265x.shtml,1.53E+12,1,64,1,1400,0,2室1厅1卫,亚泰桂花苑
http://cc.58.com/zufang/34129651066696x.shtml,1.53E+12,4,59,1,1400,0,1室1厅1卫,成城蓉桥壹号
http://cc.58.com/zufang/33816281829035x.shtml,1.53E+12,2,55,1,1400,0,1室1厅1卫,重庆小区
http://short.58.com/zd_p/dc0c0289-73a8-4693-85ca-ff84bebdf539/?target=xx-16-xgk_hvimob_85743888169568q-feykn&end=end,1.53E+12,2,70,1,1400,0,2室1厅1卫,平阳小区
http://cc.58.com/zufang/33804586945208x.shtml,1.53E+12,0,1400,1,1400,0,1室1厅1卫,力旺康景
http://cc.58.com/zufang/34117131960255x.shtml,1.53E+12,0,30,1,1400,1,1室1厅1卫,天茂城中央
http://cc.58.com/zufang/34094013858357x.shtml,1.53E+12,3,60,1,1400,0,2室1厅1卫,旭阳家园二期
http://cc.58.com/zufang/34051326065101x.shtml,1.53E+12,5,63,1,1400,0,2室1厅1卫,地矿花园
http://cc.58.com/zufang/34048549057961x.shtml,1.53E+12,4,50,1,1400,0,1室1厅1卫,大众花园三期
http://cc.58.com/zufang/33611195615926x.shtml,1.53E+12,2,54,1,1400,0,1室1厅1卫,卫星花园
http://cc.58.com/zufang/33632241762605x.shtml,1.53E+12,1,80,1,1400,0,2室1厅1卫,吉盛小区
http://cc.58.com/zufang/34106789650613x.shtml,1.53E+12,2,60,1,1400,1,2室1厅1卫,三四小区
http://cc.58.com/zufang/34095788485322x.shtml,1.53E+12,5,62,1,1400,0,2室1厅1卫,同光路丰顺街
http://cc.58.com/zufang/30611054189002x.shtml,1.53E+12,5,65,1,1400,0,2室1厅1卫,南湖新村
http://cc.58.com/zufang/33896599208629x.shtml,1.53E+12,0,57,1,1400,0,1室1厅1卫,远创樾府
http://short.58.com/zd_p/07f54f48-2ea2-4ee9-8db0-dc7fd954b9e0/?target=xx-16-xgk_hvimob_85736450110100q-feykn&end=end,1.53E+12,5,50,1,1400,0,1室1厅1卫,金坐标
http://cc.58.com/zufang/33953189764521x.shtml,1.53E+12,0,40,1,1400,0,1室1厅1卫,倚澜观邸(二期)
http://cc.58.com/zufang/34008347544109x.shtml,1.53E+12,3,90,1,1377,0,2室2厅1卫,基隆家园
http://cc.58.com/zufang/34097273188929x.shtml,1.53E+12,0,46,1,1350,1,1室0厅1卫,恒盛豪庭
http://cc.58.com/zufang/34013040792108x.shtml,1.53E+12,0,70,1,1300,0,1室1厅1卫,恒盛豪庭
http://cc.58.com/zufang/33563324660532x.shtml,1.53E+12,3,60,1,1300,0,1室1厅1卫,华大天朗国际
http://cc.58.com/zufang/33995540293064x.shtml,1.53E+12,0,43,1,1300,4,1室1厅1卫,恒盛豪庭
http://cc.58.com/zufang/33649814786630x.shtml,1.53E+12,0,70,1,1300,0,2室1厅1卫,乐东拖拉机宿舍
http://cc.58.com/zufang/34028067031491x.shtml,1.53E+12,4,65,1,1300,0,2室1厅1卫,娜奇美商住综合楼
http://cc.58.com/zufang/34129619424975x.shtml,1.53E+12,1,53,1,1300,0,2室1厅1卫,汉森金烁广场
http://cc.58.com/zufang/31463349485774x.shtml,1.53E+12,1,63,1,1300,0,2室0厅1卫,盈嘉大厦
http://cc.58.com/zufang/34072446735036x.shtml,1.53E+12,2,50,1,1300,0,2室1厅1卫,卫星花园
http://cc.58.com/hezu/34087403366833x.shtml,1.53E+12,5,25,2,1300,0,6室0厅6卫,富豪花园
http://cc.58.com/zufang/34096107109436x.shtml,1.53E+12,4,60,1,1300,1,2室1厅1卫,旺达小区
http://cc.58.com/zufang/34125456608556x.shtml,1.53E+12,2,40,1,1300,0,1室1厅1卫,卉香花园
http://cc.58.com/zufang/33970352719814x.shtml,1.53E+12,5,68,1,1300,0,2室1厅1卫,昌平铁路小区
http://cc.58.com/zufang/33793973214669x.shtml,1.53E+12,4,70,1,1300,0,2室1厅1卫,长客厂南B区
http://cc.58.com/zufang/33819570789701x.shtml,1.53E+12,0,50,1,1300,0,1室1厅1卫,恒盛豪庭
http://cc.58.com/zufang/34038455987267x.shtml,1.53E+12,1,51,1,1300,0,2室1厅1卫,蓝色港湾(一期)
http://cc.58.com/zufang/34083170183475x.shtml,1.53E+12,5,70,1,1300,0,2室1厅1卫,长春光机与物理研究所第...
http://cc.58.com/zufang/33951926492222x.shtml,1.53E+12,0,20,1,1300,0,4室1厅4卫,澳洲城
http://cc.58.com/zufang/34081780885195x.shtml,1.53E+12,5,45,1,1300,0,1室1厅1卫,典石广场
http://cc.58.com/zufang/33573821854122x.shtml,1.53E+12,2,60,1,1300,0,2室1厅1卫,星河湾
http://cc.58.com/zufang/33508837040191x.shtml,1.53E+12,4,50,1,1300,1,1室1厅1卫,万盛理想国红堡
http://cc.58.com/zufang/34092343042369x.shtml,1.53E+12,1,56,1,1300,0,2室1厅1卫,荣乐家园
http://cc.58.com/zufang/34086547432007x.shtml,1.53E+12,0,56,1,1300,0,1室1厅1卫,假日名都
http://cc.58.com/zufang/33705156147906x.shtml,1.53E+12,0,69,1,1300,1,2室1厅1卫,34街区
http://cc.58.com/zufang/34129785518516x.shtml,1.53E+12,2,61,1,1300,1,2室1厅1卫,南关区政府家属楼
http://cc.58.com/zufang/34128702514381x.shtml,1.53E+12,3,56,1,1300,0,2室1厅1卫,钻石礼都西区
http://cc.58.com/zufang/34126242247491x.shtml,1.53E+12,4,50,1,1300,0,1室1厅1卫,万盛理想国红堡
http://cc.58.com/zufang/33277229629761x.shtml,1.53E+12,0,61,1,1260,0,1室2厅1卫,大众欢乐颂
http://cc.58.com/zufang/33915668290345x.shtml,1.53E+12,0,35,1,1250,1,1室0厅1卫,倚澜观邸(一期)
http://cc.58.com/zufang/33871492468918x.shtml,1.53E+12,4,46,1,1250,0,1室0厅1卫,万盛理想国
http://cc.58.com/zufang/34128242557866x.shtml,1.53E+12,4,60,1,1200,0,2室1厅1卫,生物宿舍
http://cc.58.com/zufang/33431040284475x.shtml,1.53E+12,0,42,1,1200,3,1室1厅1卫,佳泰缔景城
http://cc.58.com/zufang/33826692854582x.shtml,1.53E+12,1,60,1,1200,0,2室1厅1卫,滨河东区
http://cc.58.com/zufang/34083674176074x.shtml,1.53E+12,1,60,1,1200,0,1室1厅1卫,东逸美郡
http://short.58.com/zd_p/ac381298-9427-40f9-a7b6-94e4d3010b26/?target=xx-16-xgk_ephv_85771756553719q-feykn&end=end,1.53E+12,0,20,2,1200,0,6室0厅7卫,22街区
http://cc.58.com/zufang/33418645262405x.shtml,1.53E+12,2,50,1,1200,0,1室1厅1卫,卫星花园
http://cc.58.com/zufang/33442740636731x.shtml,1.53E+12,1,53,1,1200,0,2室1厅1卫,昊源高格蓝郡
http://cc.58.com/zufang/31593712121023x.shtml,1.53E+12,4,47,1,1200,0,1室1厅1卫,万鑫花园
http://cc.58.com/zufang/33388322996801x.shtml,1.53E+12,0,30,1,1200,0,8室1厅6卫,GTC环球贸易中心
http://cc.58.com/zufang/33486041010091x.shtml,1.53E+12,2,55,1,1200,0,2室1厅1卫,星河湾
http://cc.58.com/zufang/33981853734472x.shtml,1.53E+12,0,56,1,1200,0,1室1厅1卫,佳泰缔景城
http://short.58.com/zd_p/a14103e2-6134-4335-803b-d06cede510c0/?target=xx-16-xgk_hvimob_88121301650859q-feykn&end=end,1.53E+12,0,72,1,1200,1,1室2厅1卫,大众欢乐颂
http://cc.58.com/zufang/33661019075885x.shtml,1.53E+12,5,5233,1,1200,4,1室1厅1卫,轻铁湖光花园(二期)
http://cc.58.com/zufang/34051277687371x.shtml,1.53E+12,3,60,1,1200,0,2室1厅1卫,美景天城B区
http://cc.58.com/zufang/34017368909375x.shtml,1.53E+12,1,50,1,1200,0,1室1厅1卫,亚泰花园桃花苑
http://cc.58.com/zufang/33484868838846x.shtml,1.53E+12,4,41,1,1200,1,1室1厅1卫,大禹华邦
http://cc.58.com/zufang/34115585632703x.shtml,1.53E+12,3,63,1,1200,0,2室1厅1卫,地铁名典海棠苑
http://cc.58.com/zufang/34119541943347x.shtml,1.53E+12,0,122,1,1200,0,3室2厅2卫,中海蘭庭
http://cc.58.com/zufang/34016812264379x.shtml,1.53E+12,2,70,1,1200,1,3室1厅1卫,二三小区
http://short.58.com/zd_p/47d67033-7853-4364-b331-d6b15257f3fd/?target=xx-16-xgk_hvimob_85446254586831q-feykn&end=end,1.53E+12,3,75,1,1146,0,2室1厅1卫,基隆家园
http://cc.58.com/zufang/26108987934267x.shtml,1.53E+12,1,55,1,1100,0,2室1厅1卫,新开河小区
http://cc.58.com/zufang/34043741042382x.shtml,1.53E+12,3,65,1,1100,0,2室1厅1卫,团山小区
http://cc.58.com/zufang/34092500944844x.shtml,1.53E+12,5,62,1,1100,0,2室1厅1卫,省委党校宿舍
http://cc.58.com/zufang/34107974306615x.shtml,1.53E+12,1,56,1,1100,0,1室1厅1卫,吉盛小区
http://cc.58.com/hezu/31716647323305x.shtml,1.53E+12,5,25,2,1100,0,8室2厅3卫,南关区自强街道重庆路北...
http://cc.58.com/zufang/33817146110649x.shtml,1.53E+12,1,76,1,1100,0,2室1厅1卫,金色8里城二期
http://cc.58.com/zufang/34050782712896x.shtml,1.53E+12,1,60,1,1100,0,1室1厅1卫,长电紫盈花城
http://cc.58.com/zufang/34003591092393x.shtml,1.53E+12,4,62,1,1100,0,2室1厅1卫,普阳小区
http://cc.58.com/zufang/33716298612141x.shtml,1.53E+12,1,70,1,1100,0,2室1厅1卫,金色8里城二期
http://cc.58.com/zufang/34060909045327x.shtml,1.53E+12,3,68,1,1100,0,2室1厅1卫,华大城
http://cc.58.com/zufang/33543614596037x.shtml,1.53E+12,0,40,1,1100,0,1室1厅1卫,47街区
http://cc.58.com/zufang/34017623703746x.shtml,1.53E+12,0,22,1,1100,0,1室0厅1卫,红苹果家园
http://cc.58.com/zufang/33717718225462x.shtml,1.53E+12,2,40,1,1100,0,1室1厅1卫,电力三小区
http://cc.58.com/hezu/33496273772749x.shtml,1.53E+12,5,15,2,1100,2,4室2厅4卫,星宇名家
http://cc.58.com/zufang/34081431752391x.shtml,1.53E+12,2,38,1,1100,4,1室1厅1卫,奥莱公寓
http://cc.58.com/zufang/33885817181241x.shtml,1.53E+12,2,50,1,1000,0,2室1厅1卫,解民物业小区
http://cc.58.com/zufang/34061438295083x.shtml,1.53E+12,2,50,1,1000,1,1室1厅1卫,永春居住区
http://cc.58.com/zufang/32183080246479x.shtml,1.53E+12,0,40,1,1000,0,1室1厅1卫,一汽43街区
http://cc.58.com/zufang/33495834610107x.shtml,1.53E+12,0,40,1,1000,0,1室1厅1卫,39街区
http://cc.58.com/zufang/33877370632106x.shtml,1.53E+12,0,60,1,1000,0,2室1厅1卫,1街区
http://cc.58.com/hezu/33388819654698x.shtml,1.53E+12,0,25,2,1000,0,6室1厅6卫,诺睿德翰府
http://cc.58.com/zufang/34096629953082x.shtml,1.53E+12,2,49,1,1000,1,2室1厅1卫,信达东湾半岛第四区
http://cc.58.com/zufang/34027202548141x.shtml,1.53E+12,3,55,1,1000,0,2室1厅1卫,旭阳家园
http://cc.58.com/zufang/33728792924981x.shtml,1.53E+12,0,58,1,1000,0,2室1厅1卫,荣鼎康城
http://cc.58.com/zufang/33445146299837x.shtml,1.53E+12,1,50,1,1000,0,1室1厅1卫,昊源高格蓝郡
http://cc.58.com/hezu/33407679132343x.shtml,1.53E+12,5,120,2,1000,0,3室2厅2卫,豪邦缇香公馆
http://cc.58.com/zufang/34025531669325x.shtml,1.53E+12,1,50,1,1000,1,1室1厅1卫,亚泰杏花苑
http://cc.58.com/zufang/33886292369326x.shtml,1.53E+12,4,65,1,1000,0,2室1厅1卫,一汽20街区
http://cc.58.com/zufang/27844006238156x.shtml,1.53E+12,1,41,1,1000,0,1室1厅1卫,通安小区
http://cc.58.com/zufang/33982362468174x.shtml,1.53E+12,0,45,1,1000,0,1室1厅1卫,33街区
http://short.58.com/zd_p/ccd92be7-bc0e-4c8d-aeb8-9d26fbac8413/?target=xx-16-xgk_hvimob_85739719250245q-feykn&end=end,1.53E+12,5,62,1,1000,0,1室2厅1卫,青云小区
http://short.58.com/zd_p/fd72f7f7-f583-40e3-9098-d7f42abc95a1/?target=xx-16-xgk_hvimob_85484919414383q-feykn&end=end,1.53E+12,0,15,1,1000,0,1室1厅1卫,阳光城
http://short.58.com/zd_p/b5b46c76-f4d2-40bb-b876-e43b41f74b29/?target=xx-16-xgk_hvimob_85446199896164q-feykn&end=end,1.53E+12,3,54,1,965,0,2室1厅1卫,柳影家园
http://cc.58.com/zufang/33972261128377x.shtml,1.53E+12,5,37,1,950,0,1室1厅1卫,铁路小区
http://short.58.com/zd_p/9c1a8e42-a956-4d64-9fc7-f987b8bf0e1d/?target=xx-16-xgk_hvimob_85731807321991q-feykn&end=end,1.53E+12,5,20,1,930,0,1室0厅1卫,富苑华城
http://cc.58.com/hezu/33318034396969x.shtml,1.53E+12,2,25,2,900,0,2室2厅1卫,华侨休闲广场
http://cc.58.com/zufang/34082247571119x.shtml,1.53E+12,3,46,1,900,1,1室1厅1卫,康泰乐园
http://cc.58.com/hezu/33630281935937x.shtml,1.53E+12,0,25,2,900,0,4室2厅2卫,中海水岸春城
http://cc.58.com/hezu/32831370045503x.shtml,1.53E+12,0,18,2,900,0,4室2厅2卫,枫林园
http://cc.58.com/zufang/32246185779406x.shtml,1.53E+12,5,30,1,900,0,1室1厅1卫,德昌小区
http://cc.58.com/zufang/34081342757305x.shtml,1.53E+12,0,45,1,900,0,1室1厅1卫,金祥奥邻郡
http://cc.58.com/hezu/34097325376195x.shtml,1.53E+12,5,25,2,900,2,1室1厅1卫,康达小区
http://cc.58.com/hezu/32556111317575x.shtml,1.53E+12,5,25,2,900,0,1室1厅1卫,富豪花园
http://cc.58.com/zufang/33973737206450x.shtml,1.53E+12,1,55,1,850,0,1室1厅1卫,吉星花园
http://cc.58.com/zufang/34129613605957x.shtml,1.53E+12,2,42,1,850,0,1室1厅1卫,龙泰富苑
http://cc.58.com/hezu/32211765934928x.shtml,1.53E+12,5,18,2,850,0,4室1厅1卫,国联小区
http://cc.58.com/hezu/34129640631474x.shtml,1.53E+12,2,18,2,850,2,2室1厅1卫,新城雅苑
http://cc.58.com/hezu/31665155076164x.shtml,1.53E+12,0,20,2,850,2,2室1厅1卫,经开五区
http://cc.58.com/hezu/23176526801314x.shtml,1.53E+12,0,35,2,850,0,5室1厅2卫,海口花园
http://cc.58.com/zufang/34129606151729x.shtml,1.53E+12,1,42,1,800,0,1室1厅1卫,万科蓝山
http://cc.58.com/hezu/32310184485181x.shtml,1.53E+12,5,25,2,800,1,7室1厅1卫,红旗街西四胡同
http://short.58.com/zd_p/128400ef-d0f2-4a3c-901d-4d588f820c23/?target=xx-16-xgk_hvimob_85730636707597q-feykn&end=end,1.53E+12,3,50,1,800,0,1室1厅1卫,温馨花园
http://cc.58.com/hezu/34094671821359x.shtml,1.53E+12,5,40,2,800,2,4室1厅1卫,红旗街西三胡同
http://cc.58.com/zufang/23497022808841x.shtml,1.53E+12,0,20,1,800,0,6室1厅1卫,临河风景苑
http://cc.58.com/zufang/34106966512437x.shtml,1.53E+12,4,40,1,800,0,1室1厅1卫,一汽20街区
http://cc.58.com/hezu/33926652560592x.shtml,1.53E+12,5,40,2,800,2,3室1厅1卫,信义新区
http://cc.58.com/hezu/33916465731883x.shtml,1.53E+12,0,47,2,800,2,2室1厅1卫,经开四区
http://cc.58.com/hezu/34054817551938x.shtml,1.53E+12,5,60,2,800,0,2室2厅2卫,清华小区
http://short.58.com/zd_p/5e951c43-f783-4e99-b096-ecca73ad4c4a/?target=xx-16-xgk_ephv_83889554534237q-feykn&end=end,1.53E+12,5,28,2,800,2,7室2厅2卫,得昌小区
http://cc.58.com/hezu/32801271438641x.shtml,1.53E+12,3,15,2,800,0,8室1厅2卫,长春银座
http://short.58.com/zd_p/92b32197-d506-45c3-bd61-0e91d2830b19/?target=xx-16-xgk_ephv_83889554534237q-feykn&end=end,1.53E+12,5,28,2,800,2,7室2厅2卫,得昌小区
http://cc.58.com/zufang/30089025057095x.shtml,1.53E+12,0,15,1,800,0,7室1厅1卫,伟业星城
http://short.58.com/zd_p/00ac2b03-e890-4b10-9214-5879ca154a37/?target=xx-16-xgk_ephv_88300969413677q-feykn&end=end,1.53E+12,0,20,2,800,0,3室2厅2卫,福临家园
http://cc.58.com/hezu/34115750196779x.shtml,1.53E+12,5,25,2,800,0,3室1厅1卫,长春光机与物理研究所第...
http://cc.58.com/hezu/23608953154340x.shtml,1.53E+12,0,17,2,800,0,5室0厅2卫,新星宇和邑(C区)
http://cc.58.com/zufang/33949755867848x.shtml,1.53E+12,0,30,1,750,0,5室1厅1卫,巴赫丽舍
http://cc.58.com/hezu/34007693827260x.shtml,1.53E+12,2,20,2,750,2,3室1厅1卫,东师家园净月住宅(一区)
http://cc.58.com/hezu/34081722620106x.shtml,1.53E+12,5,30,2,750,2,3室1厅1卫,华侨新村
http://short.58.com/zd_p/24625a0a-016f-4478-ad52-6704b60998a9/?target=xx-16-xgk_ephv_83173256474113q-feykn&end=end,1.53E+12,5,16,2,750,0,8室1厅2卫,桂林小区
http://cc.58.com/hezu/33861185536298x.shtml,1.53E+12,5,15,2,750,2,4室1厅1卫,信义新区
http://cc.58.com/hezu/34008126100675x.shtml,1.53E+12,5,30,2,750,2,3室1厅1卫,华侨新村
http://cc.58.com/hezu/27057545915569x.shtml,1.53E+12,0,80,2,750,2,2室1厅1卫,经开八区
http://cc.58.com/hezu/32513043442758x.shtml,1.53E+12,5,17,2,750,0,8室1厅2卫,桂林小区
http://cc.58.com/hezu/33219201503681x.shtml,1.53E+12,0,16,2,750,2,2室1厅1卫,新开河小区南区
http://cc.58.com/zufang/18101370646918x.shtml,1.53E+12,0,20,1,750,0,6室1厅2卫,国信嘉邑
http://cc.58.com/hezu/33442063878710x.shtml,1.53E+12,0,20,2,750,0,1室0厅1卫,新星宇和邑(A区)
http://cc.58.com/hezu/34087710206506x.shtml,1.53E+12,5,25,2,750,2,2室1厅1卫,东安开运福里
http://cc.58.com/hezu/31372693170507x.shtml,1.53E+12,5,20,2,750,0,6室1厅2卫,得易居
http://cc.58.com/zufang/34106392403009x.shtml,1.53E+12,1,60,1,750,0,2室1厅1卫,滨河东区
http://cc.58.com/hezu/34081672646831x.shtml,1.53E+12,5,30,2,700,2,3室1厅1卫,长久家苑2区
http://cc.58.com/hezu/34008091967407x.shtml,1.53E+12,5,30,2,700,2,3室1厅1卫,红旗街长影宿舍
http://short.58.com/zd_p/6a5d3865-ca1a-49ed-8e01-fd0e07d757b9/?target=xx-16-xgk_ephv_87187376706979q-feykn&end=end,1.53E+12,2,25,2,700,2,5室1厅2卫,我的家园
http://cc.58.com/hezu/32046434272563x.shtml,1.53E+12,1,20,2,700,0,3室1厅1卫,吉森春城
http://short.58.com/zd_p/ab401d0b-118d-4f6b-826f-0e33e8d833bc/?target=xx-16-xgk_ephv_85408169263106q-feykn&end=end,1.53E+12,4,80,2,700,2,3室1厅1卫,朝阳小区
http://cc.58.com/hezu/34081738135503x.shtml,1.53E+12,5,30,2,700,2,4室1厅1卫,富锦路天宝街
http://cc.58.com/hezu/32831464033219x.shtml,1.53E+12,0,12,2,700,0,6室2厅2卫,枫林园
http://cc.58.com/hezu/34129629969070x.shtml,1.53E+12,2,50,2,700,0,2室1厅1卫,中环十二区
http://cc.58.com/hezu/34060816747583x.shtml,1.53E+12,3,64,2,700,0,1室1厅1卫,郡望安石
http://cc.58.com/zufang/33971917483984x.shtml,1.53E+12,1,26,1,700,0,1室1厅1卫,吉盛小区
http://cc.58.com/hezu/34073644489777x.shtml,1.53E+12,0,75,2,700,2,2室1厅1卫,50街区
http://cc.58.com/hezu/34129730923203x.shtml,1.53E+12,1,53,2,700,2,2室1厅1卫,丽景秀苑
http://cc.58.com/hezu/33805288324662x.shtml,1.53E+12,5,15,2,700,2,4室1厅2卫,中山小区
http://cc.58.com/hezu/34081706807722x.shtml,1.53E+12,5,30,2,700,2,3室1厅1卫,开运街三院附近
http://cc.58.com/hezu/31263901413584x.shtml,1.53E+12,5,15,2,700,0,5室1厅1卫,北安路与清明街交汇
http://short.58.com/zd_p/92be69e7-2d17-4f25-94e7-3f38239688de/?target=xx-16-xgk_ephv_85417880962137q-feykn&end=end,1.53E+12,2,30,2,700,2,4室1厅1卫,民康路
http://cc.58.com/hezu/28651530874431x.shtml,1.53E+12,5,22,2,700,0,4室1厅1卫,西安大路与康平街交汇
http://short.58.com/zd_p/1a05f55f-47b3-46f3-b1b1-2ec8a870354a/?target=xx-16-xgk_ephv_88214934597665q-feykn&end=end,1.53E+12,0,20,2,700,2,5室1厅2卫,益田枫露二期
http://short.58.com/zd_p/06910db6-22b7-4309-9eb6-99f166c6a539/?target=xx-16-xgk_ephv_87187376706979q-feykn&end=end,1.53E+12,2,25,2,700,2,5室1厅2卫,我的家园
http://cc.58.com/hezu/34057011346893x.shtml,1.53E+12,2,70,2,700,2,3室1厅1卫,二三小区
http://cc.58.com/zufang/31571461606858x.shtml,1.53E+12,1,20,1,700,0,9室1厅1卫,乐群小区
http://cc.58.com/hezu/33528943416374x.shtml,1.53E+12,5,15,2,700,0,9室1厅9卫,车城名仕花园
http://cc.58.com/hezu/32193010136139x.shtml,1.53E+12,2,20,2,650,0,9室2厅3卫,岳阳富苑
http://cc.58.com/hezu/34008709031493x.shtml,1.53E+12,2,85,2,650,2,3室1厅1卫,师大东电社区
http://cc.58.com/hezu/33496169407952x.shtml,1.53E+12,0,15,2,650,2,4室2厅2卫,超达家园
http://cc.58.com/zufang/33662491325996x.shtml,1.53E+12,1,51,1,650,0,1室1厅1卫,亚泰花园桃花苑
http://cc.58.com/zufang/33887597432375x.shtml,1.53E+12,5,30,1,600,0,1室1厅1卫,星宇名家
http://cc.58.com/hezu/34127412738243x.shtml,1.53E+12,5,20,2,600,0,4室1厅1卫,信义小区
http://cc.58.com/hezu/34127423213238x.shtml,1.53E+12,5,20,2,600,0,4室1厅1卫,万达广场
http://cc.58.com/hezu/33861024672074x.shtml,1.53E+12,3,18,2,600,2,5室2厅2卫,友谊花园
http://cc.58.com/hezu/34127396110923x.shtml,1.53E+12,5,20,2,600,0,4室1厅1卫,德昌小区
http://cc.58.com/zufang/34129313493555x.shtml,1.53E+12,2,80,1,600,0,3室2厅1卫,滨河小区
http://cc.58.com/hezu/24232892899255x.shtml,1.53E+12,5,18,2,600,0,4室1厅1卫,西朝阳南胡同万宝街交汇
http://short.58.com/zd_p/57eb2279-8a52-4fc7-9588-408b13463b24/?target=xx-16-xgk_ephv_83811962336342q-feykn&end=end,1.53E+12,5,20,2,600,2,6室2厅1卫,时代家园
http://cc.58.com/hezu/33695916681004x.shtml,1.53E+12,5,20,2,600,3,1室1厅1卫,英海小区
http://cc.58.com/hezu/34129702515245x.shtml,1.53E+12,1,15,2,600,2,2室1厅1卫,葡萄牙小镇
http://short.58.com/zd_p/ab37ce08-955a-42a8-9ec8-6dc63a8f4807/?target=xx-16-xgk_ephv_85489254291761q-feykn&end=end,1.53E+12,0,10,2,600,2,9室2厅2卫,世纪花园小区
http://short.58.com/zd_p/e607b229-9bb8-4c20-bebd-63a00e4fdf61/?target=xx-16-xgk_ephv_85489254291761q-feykn&end=end,1.53E+12,0,10,2,600,2,9室2厅2卫,世纪花园小区
http://cc.58.com/zufang/34059252090045x.shtml,1.53E+12,1,50,1,600,0,1室1厅1卫,御景名都A区
http://cc.58.com/hezu/33850929649580x.shtml,1.53E+12,2,18,2,600,0,4室2厅2卫,中环十一区
http://cc.58.com/hezu/34047388753592x.shtml,1.53E+12,0,30,2,550,0,3室1厅1卫,君地天城
http://cc.58.com/hezu/33915733759275x.shtml,1.53E+12,1,158,2,550,0,7室1厅2卫,天富家园
http://cc.58.com/hezu/29749914447414x.shtml,1.53E+12,5,17,2,550,0,9室1厅1卫,清华苑
http://cc.58.com/hezu/29749920772923x.shtml,1.53E+12,5,17,2,550,0,9室1厅1卫,新宇富贵苑
http://cc.58.com/hezu/34127688024639x.shtml,1.53E+12,0,15,2,500,2,5室1厅1卫,长春开发区三区
http://cc.58.com/hezu/32101827335723x.shtml,1.53E+12,2,14,2,500,0,6室1厅1卫,吉顺小区
http://cc.58.com/hezu/31320479171755x.shtml,1.53E+12,2,15,2,500,0,8室2厅3卫,鑫隆家园
http://cc.58.com/zufang/19709626196742x.shtml,1.53E+12,5,10,1,500,0,5室2厅2卫,富民小区
http://cc.58.com/hezu/33334961103799x.shtml,1.53E+12,5,100,2,500,2,6室1厅1卫,大兴路万宝街
http://cc.58.com/hezu/32257546727222x.shtml,1.53E+12,5,12,2,500,0,9室1厅1卫,重庆路万达对面
http://cc.58.com/hezu/34081778268360x.shtml,1.53E+12,5,20,2,500,2,4室1厅1卫,红旗街
http://cc.58.com/hezu/34116858908472x.shtml,1.53E+12,5,12,2,500,0,6室1厅2卫,万达广场
http://cc.58.com/hezu/31352865080896x.shtml,1.53E+12,5,12,2,500,1,8室1厅2卫,同仁书店
http://cc.58.com/zufang/26080293565613x.shtml,1.53E+12,3,10,1,500,1,9室0厅3卫,站前科技城新装修 实墙...
http://cc.58.com/hezu/30577689008455x.shtml,1.53E+12,0,15,2,500,2,1室1卫,金泰小区
http://cc.58.com/hezu/33619028116788x.shtml,1.53E+12,0,12,2,500,0,6室1厅1卫,汉森华尔兹
http://cc.58.com/hezu/32080144989246x.shtml,1.53E+12,5,15,2,500,0,5室1厅1卫,粮食局宿舍
http://cc.58.com/hezu/30953528124624x.shtml,1.53E+12,0,30,2,500,2,3室1厅1卫,德惠市西三道街丰泽苑宾...
http://cc.58.com/hezu/34129745505228x.shtml,1.53E+12,0,30,2,500,1,2室0厅1卫,5街区
http://cc.58.com/hezu/32712514554926x.shtml,1.53E+12,0,20,2,500,0,7室0厅2卫,中海国际社区(C区)
http://cc.58.com/hezu/34129732600513x.shtml,1.53E+12,5,20,2,500,2,1室1厅1卫,西安小区
http://cc.58.com/hezu/34129797421737x.shtml,1.53E+12,0,23,2,500,0,2室1厅1卫,安华美郡
http://cc.58.com/hezu/31419064521415x.shtml,1.53E+12,3,15,2,500,4,1室0厅1卫,远东批发一期
http://cc.58.com/hezu/34095974085170x.shtml,1.53E+12,1,12,2,500,3,2室1厅1卫,吉盛花园小区A区
http://cc.58.com/hezu/34129785352254x.shtml,1.53E+12,0,23,2,500,0,2室1厅1卫,宜家7080
http://cc.58.com/hezu/31419092911301x.shtml,1.53E+12,3,15,2,500,1,3室2厅3卫,远东批发一期
http://cc.58.com/zufang/34027978689610x.shtml,1.53E+12,0,100,1,500,0,3室2厅1卫,东方1号
http://cc.58.com/hezu/32017543693904x.shtml,1.53E+12,3,10,2,500,0,6室1厅1卫,铁路小区
http://cc.58.com/hezu/18269752462213x.shtml,1.53E+12,2,10,2,450,0,7室1厅1卫,金色世界湾
http://short.58.com/zd_p/a40a4afa-23f2-4880-b566-0c16cfa0745d/?target=xx-16-xgk_ephv_85731514719977q-feykn&end=end,1.53E+12,1,10,2,450,1,9室2厅2卫,德展长春印
http://cc.58.com/hezu/33584224476240x.shtml,1.53E+12,5,25,2,450,1,5室2厅2卫,桂林小区
http://cc.58.com/hezu/17181700419843x.shtml,1.53E+12,5,8,2,450,2,8室0厅1卫,安华卓展
http://short.58.com/zd_p/5d4a24f7-bcf8-4f62-afbb-cd35bd682c32/?target=xx-16-xgk_ephv_85731514719977q-feykn&end=end,1.53E+12,1,10,2,450,1,9室2厅2卫,德展长春印
http://cc.58.com/hezu/33507423501374x.shtml,1.53E+12,1,31,2,420,0,3室2厅2卫,清华苑
http://cc.58.com/hezu/33599178189006x.shtml,1.53E+12,3,10,2,400,0,3室1厅1卫,站前银座
http://cc.58.com/hezu/31409923112911x.shtml,1.53E+12,2,10,2,400,0,9室1厅1卫,亚泰大街与四道街交汇
http://cc.58.com/hezu/34036874762936x.shtml,1.53E+12,5,12,2,400,0,7室1厅2卫,欧亚商都小区
http://short.58.com/zd_p/8a08bb58-7b1d-4730-8bdd-e09b5be50079/?target=xx-16-xgk_ephv_88271554324661q-feykn&end=end,1.53E+12,0,10,2,400,0,9室1厅2卫,冶金宿舍小区
http://cc.58.com/hezu/33464217471801x.shtml,1.53E+12,2,9,2,400,2,6室1厅1卫,重庆小区
http://short.58.com/zd_p/833c2424-725c-479f-bdf4-5caa2ab80bb3/?target=xx-16-xgk_ephv_32288615182212q-feykn&end=end,1.53E+12,5,10,2,400,0,9室1厅3卫,隆礼嘉园
http://cc.58.com/hezu/33776439950410x.shtml,1.53E+12,0,128,2,400,0,8室1厅1卫,经开四区
http://cc.58.com/hezu/32338071538500x.shtml,1.53E+12,0,15,2,400,0,9室1厅1卫,工大家园
http://cc.58.com/hezu/33599189663948x.shtml,1.53E+12,3,10,2,400,0,3室1厅1卫,站前银座
http://cc.58.com/hezu/33583994641978x.shtml,1.53E+12,5,10,2,400,0,4室1厅1卫,太阳现代居
http://cc.58.com/hezu/33362753351502x.shtml,1.53E+12,5,100,2,400,2,6室1厅1卫,红旗街欧亚商都
http://cc.58.com/hezu/31769068442289x.shtml,1.53E+12,3,15,2,400,0,7室7厅1卫,四平路西三条
http://cc.58.com/hezu/33972581834291x.shtml,1.53E+12,5,10,2,400,0,9室2厅2卫,星宇名家
http://cc.58.com/hezu/33949434802492x.shtml,1.53E+12,2,8,2,400,1,9室1厅1卫,鑫隆家园
http://cc.58.com/hezu/33362883584331x.shtml,1.53E+12,0,10,2,350,0,1室1厅1卫,海口花园
http://cc.58.com/hezu/34060351788725x.shtml,1.53E+12,5,13,2,350,2,6室1厅2卫,国际大厦b座
http://short.58.com/zd_p/7af2ec25-5204-46c6-b975-d2623ac92f38/?target=xx-16-xgk_ephv_84359193551013q-feykn&end=end,1.53E+12,5,15,2,350,0,9室2厅3卫,中山小区
http://cc.58.com/hezu/27350785353522x.shtml,1.53E+12,3,9,2,350,0,1室0厅1卫,蓝天佳苑
http://cc.58.com/hezu/30942731251148x.shtml,1.53E+12,0,8,2,350,4,4室2厅1卫,临河风景
http://cc.58.com/hezu/33651891828525x.shtml,1.53E+12,5,150,2,350,0,6室2厅1卫,富贵名苑
http://cc.58.com/hezu/31944775582663x.shtml,1.53E+12,5,76,2,300,0,3室1厅1卫,国联小区
http://cc.58.com/hezu/34053739893298x.shtml,1.53E+12,2,8,2,300,0,8室1厅1卫,平阳小区
http://cc.58.com/hezu/31944773386686x.shtml,1.53E+12,2,76,2,300,0,3室1厅1卫,国联小区
http://cc.58.com/hezu/34108207898553x.shtml,1.53E+12,1,15,2,300,0,6室1厅2卫,清华苑
http://cc.58.com/hezu/34115635060271x.shtml,1.53E+12,3,100,2,300,0,3室1厅1卫,站前金街
http://cc.58.com/zufang/31532105877174x.shtml,1.53E+12,5,10,1,300,0,9室1厅1卫,世纪兴嘉园
http://short.58.com/zd_p/cff286e3-b97c-47d0-ba02-d77d27835ade/?target=xx-16-xgk_ephv_83378113819487q-feykn&end=end,1.53E+12,5,9,2,300,0,4室2厅1卫,活力城亚泰富源卓展百货...
http://cc.58.com/hezu/34114810033455x.shtml,1.53E+12,5,10,2,300,0,9室1厅1卫,世纪兴嘉园
http://cc.58.com/hezu/32058398274604x.shtml,1.53E+12,5,120,2,280,0,4室1厅1卫,朝阳区医院对面
http://cc.58.com/hezu/33686266862663x.shtml,1.53E+12,3,100,2,240,0,2室1厅1卫,太平洋大厦
http://cc.58.com/hezu/33795890113836x.shtml,1.53E+12,3,20,2,150,3,4室1厅1卫,沈铁盛华庭
